performanceId,name,stageName,startTime,endTime,description,genreList,socialList
PID-afd3f64c-fa24-404a-ad8c-04062283eb48,NITRO MATE LOUNGE + CLuG Sound check,CLuG deep n' Salty,2026-06-04 14:00,2026-06-04 17:00,,,
PID-2eb32d95-6077-4f1e-9634-3005784552ba,Jelly DJs,Jellyfish Lounge,2026-06-04 15:00,2026-06-04 19:00,,house,
PID-13f4a33c-0747-4566-a67e-cba62fa2de64,Pirate Warming,Thirsty Bar,2026-06-04 18:00,2026-06-04 19:00,,,
PID-fe54b9cb-cebe-4336-b42e-19405659f463,Skipping School / is this on,Ironic Spin,2026-06-04 18:00,2026-06-04 19:00,,deep house,
PID-2790bda5-8bd0-48b7-848f-dc815b04d951,Mikey B,Jellyfish Lounge,2026-06-04 19:00,2026-06-04 20:00,,house,
PID-695311ce-52dd-43f2-bb92-445c9ab8b9e7,shawnessy,Thirsty Bar,2026-06-04 19:00,2026-06-04 20:00,,,
PID-06c35678-e40b-4715-b21b-8e79b1c4ca81,Nudlz,CLuG deep n' Salty,2026-06-04 19:00,2026-06-04 20:00,,,
PID-34ef6fe1-e8fd-41d4-9cc9-5ce198a91ef8,Boomtown,Ironic Spin,2026-06-04 19:00,2026-06-04 20:00,,house,
PID-08d028d9-c877-4e4f-b1db-db67d9ec054c,MyLove,Jellyfish Lounge,2026-06-04 20:00,2026-06-04 21:00,,house,
PID-a9cd085d-8e6f-4331-abf0-f871a37854cb,Sassbot,Thirsty Bar,2026-06-04 20:00,2026-06-04 21:00,,,
PID-4a729d8a-9f20-452f-86d6-eeeecb0e44c1,BPMBabe,CLuG deep n' Salty,2026-06-04 20:00,2026-06-04 21:00,,,
PID-c02b804a-dc26-4e94-91dd-4753e21b300a,Cosmic Druid - Martin Crawford,Under The Mother Tree,2026-06-04 20:00,2026-06-04 21:00,,,
PID-22de223e-0468-4cab-a773-506fa7f5877e,DJ Sage,Ironic Spin,2026-06-04 20:00,2026-06-04 21:00,,house,
PID-9509c1ac-4fde-4627-9f1e-378b63a12cf2,Torsheedeh,SKYBAR,2026-06-04 20:30,2026-06-04 22:00,,"tropical,disco house",
PID-d1168644-5fad-4451-b341-1544188a6e1a,Jellyfish Jam,Jellyfish Lounge,2026-06-04 21:00,2026-06-05 0:00,,house,
PID-c57ae4d5-bf85-4cb6-a5f4-0a91a0bf7784,SoS,Thirsty Bar,2026-06-04 21:00,2026-06-05 0:00,,,
PID-d567cf63-3c05-459f-831d-df33d0842701,Boomtown,CLuG deep n' Salty,2026-06-04 21:00,2026-06-04 22:00,,,
PID-f28eb382-bfb2-48de-8aa9-1f8f05d7cf43,Leave No Trace - Tracy,Under The Mother Tree,2026-06-04 21:00,2026-06-04 22:45,,,
PID-1e2c55a2-fe70-4433-93ea-f4ac774a5bb4,BEATFARMER,Ironic Spin,2026-06-04 21:00,2026-06-04 22:00,,world beats,
PID-6774f83b-a9eb-42f0-b33b-f62dd16c77d7,icedtang,SKYBAR,2026-06-04 22:00,2026-06-04 23:30,,"spicy latin,bouncy house",
PID-3afdbd88-2dc0-4b39-a581-e3f9b78e231d,Chunky Chornz,CLuG deep n' Salty,2026-06-04 22:00,2026-06-04 23:00,,,
PID-a2ce0044-03b8-47d7-ba05-858a5273653a,Guru,Ironic Spin,2026-06-04 22:00,2026-06-04 23:00,,garridge,
PID-94b67dee-69bc-4a5c-a460-9451d8dd7b59,Eon Dusk - Ian MacKenzie,Under The Mother Tree,2026-06-04 22:45,2026-06-05 0:30,,,
PID-d2eb6155-2ea1-4ecd-9804-a32f82a26202,D'Jule & B-Madi,CLuG deep n' Salty,2026-06-04 23:00,2026-06-05 1:00,,,
PID-367c946a-635f-401d-a974-2b2e7b7de776,Cha Cha,Ironic Spin,2026-06-04 23:00,2026-06-05 0:00,,"tech house,indie dance",
PID-0d865b2e-176b-48b6-8a36-8c59e71c9c0b,pushplay,SKYBAR,2026-06-04 23:30,2026-06-05 1:00,,"funky house,bangers",
PID-37db2a2b-f8a6-4399-8ab8-cc287b68d132,Prrsephone,Thirsty Bar,2026-06-05 0:00,2026-06-05 1:00,,,
PID-288b8fb3-6fe4-41a4-9b6c-8228552a9b64,FM Radio Gods,Ironic Spin,2026-06-05 0:00,2026-06-05 1:00,,"tech,prog",
PID-f8fa7171-25ab-4ea9-856b-9a739d555541,Bohealo - Kayle,Under The Mother Tree,2026-06-05 0:30,2026-06-05 2:15,,,
PID-2060762c-8eeb-4754-a742-9c286eddb50c,MilfMaid,SKYBAR,2026-06-05 1:00,2026-06-05 2:00,,"high energy,house,techno",
PID-71f8104d-1144-4aed-a19e-538e9d4ed2e5,Rythmicon,Thirsty Bar,2026-06-05 1:00,2026-06-05 2:00,,,
PID-6c9c8394-bc2e-4a4a-a1fb-1125d0f23c86,DJ Sage,CLuG deep n' Salty,2026-06-05 1:00,2026-06-05 2:00,,,
PID-a56a953a-6d1c-439d-81d5-8bb407b2ee4b,TRiiKSTR,Ironic Spin,2026-06-05 1:00,2026-06-05 2:00,,deep techno,
PID-9188567e-03cd-40c4-b69d-aaaccf8427dd,dodd,SKYBAR,2026-06-05 2:00,2026-06-05 3:30,,"progressive house (all sorts),techno,breaks",
PID-23c26028-0462-46c1-9fc0-bb8fb1599940,Mykey Boom,CLuG deep n' Salty,2026-06-05 2:00,2026-06-05 3:00,,,
PID-9b7ad738-76c1-4655-b2f2-851363476c06,Sound Bath - Sylvia,Under The Mother Tree,2026-06-05 2:15,2026-06-05 3:00,,,
PID-55ca11e7-1238-4995-9171-b4a656b69ca3,firefox,SKYBAR,2026-06-05 3:30,2026-06-05 5:00,,"house,breaks,who knows",
PID-917a8382-1620-4c58-9b93-8e81ea5b9341,Yogalates With Khold,Boobs & Berries,2026-06-05 10:30,2026-06-05 11:45,,,
PID-ce6aa391-9365-44e0-99de-77e1dcca2c0b,Immersion: Yoga & Sound Experience,Jellyfish Lounge,2026-06-05 11:30,2026-06-05 13:00,,,
PID-fecbed9d-278f-4d12-b324-72103b359a96,Aquafit On Land With Adi,Boobs & Berries,2026-06-05 11:45,2026-06-05 13:00,,,
PID-c36221f0-c2dc-4757-a977-0aa4f9bbbf82,ellisdeejay,Electric Circus Lounge,2026-06-05 12:00,2026-06-05 14:00,Somewhere between a dance and a daydream. Kick off your Otherworld with a soulful Balearic brunch set.,Balearic Brunch,https://soundcloud.com/ellisdeejay
PID-fd67f1f9-260a-47a4-9d7b-a5a7c14d53a7,Spruce Lee,Chaitrance,2026-06-05 12:00,2026-06-05 13:30,,bush prog,
PID-fbb8cee9-89f5-4d76-a09a-5c03c9034b72,Chillsun,Jellyfish Lounge,2026-06-05 13:00,2026-06-05 14:00,,"afro house,minimal deep,tech",
PID-06a3e25b-c4d3-463c-aad2-18980e769dc6,Amethystra,Boobs & Berries,2026-06-05 13:00,2026-06-05 14:00,,,
PID-51224eff-5440-4b5b-a975-d689093cea3e,Grippy,Thirsty Bar,2026-06-05 13:00,2026-06-05 14:00,,,
PID-f35d5d72-92dc-46c7-aaf2-28945d8f65e5,"Bubbles, Beats, and Babies (DJ Psybernetix aka Tired Daddy)",Ironic Spin,2026-06-05 13:00,2026-06-05 14:00,,,
PID-dec26e93-a7e7-4f90-99ef-af66153b15ba,Löblová,Chaitrance,2026-06-05 13:30,2026-06-05 15:00,,"psytech,progpsy",
PID-6a977d45-ef02-42e0-b1d4-02ada8f45e2d,Rave Scouts of the Salish Sea Jamboree,Electric Circus Lounge,2026-06-05 14:00,2026-06-05 17:00,"Come join the Rave Scouts of the Salish Sea for hippie watching, sporbs, and fuckery.",Sporbs & Fuckery,
PID-0a144263-59e4-4e56-813f-a05558cf3b97,Lapse,Jellyfish Lounge,2026-06-05 14:00,2026-06-05 15:00,,"afro house,minimal deep,tech",
PID-dae6e2fc-6c89-435f-bfac-e1c506ad9fb7,Clairevoyant B2B DJ Legal,Boobs & Berries,2026-06-05 14:00,2026-06-05 15:20,,,
PID-09db9a0d-6cb9-48ce-bcd3-df4a589a99ab,Guru,Thirsty Bar,2026-06-05 14:00,2026-06-05 15:00,,,
PID-875c2369-ca3a-4e67-8240-4df1c6d4ae99,NITRO MATE LOUNGE + Hip Hop DJ Jam,CLuG deep n' Salty,2026-06-05 14:00,2026-06-05 17:00,,,
PID-277db7be-e0a6-4271-b122-4dbd6f137af0,Gano,Jellyfish Lounge,2026-06-05 15:00,2026-06-05 16:00,,"house,stuff",
PID-4e9c7af5-1ce7-4cfc-80e2-57dc7ca431b5,SoS,Thirsty Bar,2026-06-05 15:00,2026-06-05 16:00,,,
PID-cb8c5310-5021-4a67-a7a9-7685d2dede86,Space Mantra,Chaitrance,2026-06-05 15:00,2026-06-05 16:30,,progressive,
PID-689f6268-4f0e-4a13-bbd9-650c6d9db732,Bubbles and Bubbles,Ironic Spin,2026-06-05 15:00,2026-06-05 16:00,,bubble house,
PID-b252db28-ed4a-42d7-805d-92ca8df85280,Sowa,Boobs & Berries,2026-06-05 15:20,2026-06-05 16:20,,,
PID-52b324f5-109d-4cc5-a934-9bcef35c22ad,Big Data,Jellyfish Lounge,2026-06-05 16:00,2026-06-05 17:00,,house,
PID-f79eee04-8128-4f20-a022-f2bd4180109b,Flounciful,Ripple Effect,2026-06-05 16:00,2026-06-05 17:00,Funky. Floaty. Fuzzy. Floof.,"funk,deep house",
PID-a847ac30-ab50-4753-b8ff-aa46e8cdcfee,DRTSQRL/Akela,Thirsty Bar,2026-06-05 16:00,2026-06-05 17:00,,,
PID-6be0cede-cf7c-4ee3-ab81-f463004ced15,Yours Truly,Ironic Spin,2026-06-05 16:00,2026-06-05 17:00,,vibey house,
PID-18c2ef6a-85c3-4f30-9c5f-dd0a387b2ec1,Kit - Kat,Boobs & Berries,2026-06-05 16:20,2026-06-05 17:20,,,
PID-617f33bf-a3c2-463a-a21f-4887bd553d41,Stargirl,Chaitrance,2026-06-05 16:30,2026-06-05 18:30,,morning psy,
PID-e0f85f55-1702-4f84-be51-89e82c9ebd33,Flying Fuck,Electric Circus Lounge,2026-06-05 17:00,2026-06-05 18:00,,Slomo Nu Disco,
PID-f4555ebf-cf25-4c96-8345-e26f5a8b2c7c,Matterson,Jellyfish Lounge,2026-06-05 17:00,2026-06-05 18:00,,house,
PID-ca574a1b-e225-4728-961f-8128930cd7b8,JTDub,Ripple Effect,2026-06-05 17:00,2026-06-05 18:00,Succulent selects satisfy the senses.,"house,breaks,bass",
PID-570c9a67-c55a-4006-b817-3fefb93fdeee,Space Tiger,Thirsty Bar,2026-06-05 17:00,2026-06-05 18:00,,,
PID-28723d78-e140-4ef2-98a3-b0f7fc1502aa,Mikey B,Ironic Spin,2026-06-05 17:00,2026-06-05 18:00,,house,
PID-63d81820-0d57-4a61-8892-90f9e7a7d7e2,Diva-B,Boobs & Berries,2026-06-05 17:20,2026-06-05 18:00,,,
PID-26084d75-7d59-4961-a1a8-eb8936e9fe24,CRAIGISON (9000ears),Electric Circus Lounge,2026-06-05 18:00,2026-06-05 19:30,"Bring your armbands, floaties, swimsuits and Speedos for a strictly moist, upfront, poolside disco experience.",Poolside Dad Bod Speedo Disco,https://soundcloud.com/death-wish-disco
PID-488a9aec-23f7-4064-a90c-c8cdf3f189c6,Sarah-Hannah,Jellyfish Lounge,2026-06-05 18:00,2026-06-05 19:00,,house,
PID-0266804d-43fc-41ae-bcfc-c11907549478,Alpine Alchemy,Ripple Effect,2026-06-05 18:00,2026-06-05 19:00,Bassy vocals that will get you right in the feels.,"dubstep,drum & bass,singalongs",
PID-fa29b70c-fd5b-47cc-bc9c-3302e0900388,Selayne,Boobs & Berries,2026-06-05 18:00,2026-06-05 19:00,,,
PID-bbecf64b-f540-4d52-8851-67e649d7cbd8,Milf Maid,Thirsty Bar,2026-06-05 18:00,2026-06-05 19:00,,,
PID-cc9b12ed-5ab2-410c-bc12-078fbf66a355,Mojo Jojo,Ironic Spin,2026-06-05 18:00,2026-06-05 19:00,,house,
PID-c84ae902-618d-4215-9b0b-14f9215d783d,Sunkid,Chaitrance,2026-06-05 18:30,2026-06-05 20:00,,goatrance,
PID-89d39a05-3ccb-42fa-8553-ba89afd5d8a9,Dream Fish / Tali,Under The Mother Tree,2026-06-05 18:30,2026-06-05 20:00,,,
PID-d1b4c636-7e9f-48cc-9e77-427bd9e4b5c6,luxuryus,SKYBAR,2026-06-05 19:00,2026-06-05 19:45,,"eclectic groovy beats,rhythms,vibes",
PID-b225d814-5d18-4125-9746-2693c45b2197,Leanne,Jellyfish Lounge,2026-06-05 19:00,2026-06-05 20:00,,house,
PID-8f591b63-e4b0-435f-95d2-bb5e0709e2b7,DJDadddy (not mucsluck),Ripple Effect,2026-06-05 19:00,2026-06-05 20:00,The roof is not my son but I will raise it - poorly,"disco,country,top 40,techno",
PID-b5fdf635-6351-4834-bfe6-66548f92d5d6,Indigoj,Boobs & Berries,2026-06-05 19:00,2026-06-05 20:00,,,
PID-3ab510d8-98fe-46d0-b6aa-67d9ecb7fa3a,DJ Angers Guilty Pleasure,Thirsty Bar,2026-06-05 19:00,2026-06-05 20:00,,,
PID-eabb7731-4ab8-4ca5-96ad-8f3d2c80fd3b,Dodd,Ironic Spin,2026-06-05 19:00,2026-06-05 20:00,,proggy vibes,
PID-bd35d0d7-531b-4cbd-b913-0feb7cd1be32,Electric Circus Cabaret,Electric Circus Lounge,2026-06-05 19:30,2026-06-05 20:30,An assortment of various performances celebrating different art forms,Cabaret,
PID-b27f98ab-68c9-460d-b802-86b4b600274a,matt hatter,SKYBAR,2026-06-05 19:45,2026-06-05 20:30,,house,
PID-35805ce4-0d0f-4e8f-a760-b77b415dbb95,DJdafoe,Jellyfish Lounge,2026-06-05 20:00,2026-06-05 21:00,,house,
PID-920a2baf-f672-44cf-8879-f11b5d450001,Rogue Wave,Ripple Effect,2026-06-05 20:00,2026-06-05 21:00,"A bouncy, bumpin', bassy time","bass house,bass,drum & bass",
PID-32443602-fe62-4601-b8ff-0d5022e0dbb3,Fram3s,Thirsty Bar,2026-06-05 20:00,2026-06-05 21:00,,,
PID-b61e5cf5-33e8-41b5-a213-1e416928f423,NYX,Chaitrance,2026-06-05 20:00,2026-06-05 21:30,,nightpsy,
PID-f95bfe64-8709-4f45-a7ac-5d6f79e04af8,Wookie,CLuG deep n' Salty,2026-06-05 20:00,2026-06-05 21:00,,,
PID-5bab1f4d-186d-465e-b626-3273d1f37454,Trus@migo - Amit,Under The Mother Tree,2026-06-05 20:00,2026-06-05 21:00,,,
PID-9260eee4-ae23-4cf6-a057-08ec7f5ca153,Skipping School,Ironic Spin,2026-06-05 20:00,2026-06-05 21:00,,deep house,
PID-b43e27f0-377e-45bf-a20d-1d639bd02fdd,thefunkyslab,SKYBAR,2026-06-05 20:30,2026-06-05 21:30,,funky jams,
PID-890b6d24-b6ac-499d-9268-6d05f7574647,Jetane,Electric Circus Lounge,2026-06-05 20:30,2026-06-05 22:00,Electric Circus Lounge's Vision Director & Chief Builder steps up to provide a soundtrack as we enjoy the last rays of sunlight and head towards the night.,Uplifting House,https://soundcloud.com/jetane
PID-33c07a7a-0bf4-451d-9a96-e8a672ec8c19,Skez,Jellyfish Lounge,2026-06-05 21:00,2026-06-05 22:00,,"house,minimal deep,tech",
PID-d27a3515-b594-44cc-8867-7608d7b7e07c,Robbie,Ripple Effect,2026-06-05 21:00,2026-06-05 22:00,,,
PID-96312797-cc29-4633-9c45-460a857b558d,Boat Daddy,Thirsty Bar,2026-06-05 21:00,2026-06-05 22:00,,,
PID-2a0eb9e8-b7c6-4426-bfea-47448748c507,Selayne,CLuG deep n' Salty,2026-06-05 21:00,2026-06-05 22:00,,,
PID-57530169-13d7-4387-bece-fd1037c76965,Amber Wolf Moon,Under The Mother Tree,2026-06-05 21:00,2026-06-05 22:45,,,
PID-6e05830b-537b-40ba-8ddb-62ae70ab77ba,Balencia,Ironic Spin,2026-06-05 21:00,2026-06-05 22:00,,sexy sunset saus,
PID-7b31fef5-3f1e-46da-b825-64ea1ce7ae51,sassbot,SKYBAR,2026-06-05 21:30,2026-06-05 23:00,,"funky,bassy,breaksy bangers",
PID-e5660170-7190-4cad-88b6-0f610432ca37,Duendo Matka,Chaitrance,2026-06-05 21:30,2026-06-05 23:00,,"live,masala psy",
PID-00ee081c-f2b8-46e1-92d5-6e2b742bd09a,Moonbean,Electric Circus Lounge,2026-06-05 22:00,2026-06-05 23:00,Rock stars from both the past and future — Moonbean are a live hardware duo bringing psychedelic synth-punk electronica.,Psychedelic Synth-Punk Electronica,https://www.moonbeanmusic.ca/
PID-4f4ba5d9-68cb-4b9c-b725-2e52e2bd989f,Sylvain,Jellyfish Lounge,2026-06-05 22:00,2026-06-05 23:00,,"house,tech,funky",
PID-007d8208-9f54-4912-a53e-3013ba86af62,Rowly,Ripple Effect,2026-06-05 22:00,2026-06-05 23:00,,house,
PID-248b0505-0607-46c1-a359-fc54edaa0946,Jojo Dancer,Thirsty Bar,2026-06-05 22:00,2026-06-05 23:00,,,
PID-3f180489-f43b-4b78-8f96-37cf1cef079d,Mis Mar,CLuG deep n' Salty,2026-06-05 22:00,2026-06-05 23:00,,,
PID-127419cd-8dbf-4306-bd03-eafa43ee5947,Marza,Ironic Spin,2026-06-05 22:00,2026-06-05 23:00,,techno,
PID-2e6b7c8d-114b-45d8-a143-df5a4199930f,Mossy Tree (Felix),Under The Mother Tree,2026-06-05 22:45,2026-06-06 0:30,,,
PID-e7b768dd-0722-4730-a1fb-7e98aa8de0d8,grantus maximus,SKYBAR,2026-06-05 23:00,2026-06-05 23:59,,"bass house,acid house?,bangers",
PID-a10fef1f-ba02-4412-9dde-a9aec80dfe38,Andfriends,Electric Circus Lounge,2026-06-05 23:00,2026-06-06 0:00,"Cosmic house music that sounds touched by human hands — live basslines, guitars, warm percussion, and desert disco energy.",Cosmic Cowboy House,https://soundcloud.com/andfriendsmusicevents
PID-0521094d-de74-4002-b763-a835cb79c3eb,McCaffery,Jellyfish Lounge,2026-06-05 23:00,2026-06-06 0:00,,"house,minimal deep,tech",
PID-01d29a5b-c782-4e37-8436-61827769d7e9,Space Cadet,Ripple Effect,2026-06-05 23:00,2026-06-06 0:00,"Seductive, sultry, sapphic songs for sexy schemes of state overthrow.","bass house,tech house,ukg",
PID-603217a6-ad34-45c0-bf76-46341fbdcc0b,Lucy Ford,Thirsty Bar,2026-06-05 23:00,2026-06-06 0:00,,ukg,
PID-d6b9e7ac-bd13-48b1-b0a7-7c74028172c0,KachaMacha,Chaitrance,2026-06-05 23:00,2026-06-06 0:30,,west coast psy,
PID-f51f6cb7-f73e-4f9f-889c-9fb1af55f770,Matt Hatter,CLuG deep n' Salty,2026-06-05 23:00,2026-06-06 0:00,,,
PID-f405f84f-bb3d-48ac-8946-960691af5629,Caçadora,Ironic Spin,2026-06-05 23:00,2026-06-06 0:00,,garridge,
PID-396a713f-2932-406c-8363-50de26b4b3ee,barnes & barnes,SKYBAR,2026-06-06 0:00,2026-06-06 1:30,,ukg,
PID-be2e946c-0b23-4091-b098-eff369e69854,Fruit Stand,Electric Circus Lounge,2026-06-06 0:00,2026-06-06 1:00,"She'll bring the Fruity Beats, you bring the Booty Sweets!",Booty House,https://soundcloud.com/thefruitstand
PID-62673511-aa82-44ec-bb04-9a5ef970d0c2,Raine,Ripple Effect,2026-06-06 0:00,2026-06-06 1:00,Come for the bass. Stay for the revolution.,"ukg,bubstep,drum & bass",https://www.instagram.com/gabrielrainemusic/
PID-13b3b2de-6f1c-4008-8ed5-4e44cd194cf9,Wookie,Thirsty Bar,2026-06-06 0:00,2026-06-06 1:00,,,
PID-62e821b1-d6bb-4049-903b-0af3cccf3f47,BPMBabe,CLuG deep n' Salty,2026-06-06 0:00,2026-06-06 1:00,,,
PID-97b81ad4-de00-45a9-a2d5-2a45c7a32c34,Entelechy,Ironic Spin,2026-06-06 0:00,2026-06-06 1:00,,,
PID-3f1d3e68-4786-4ee9-b1a4-45c411296f50,Epinoia,Chaitrance,2026-06-06 0:30,2026-06-06 2:00,,"live,darkpsy,hitech",
PID-b8f19c8a-86e2-4ff3-bf63-5717c5a0901c,Syd Deerwalker,Under The Mother Tree,2026-06-06 0:30,2026-06-06 2:15,,,
PID-2ed2a9a7-d683-4086-82b5-7e418bfc3f98,Daddy Dylan,Electric Circus Lounge,2026-06-06 1:00,2026-06-06 2:00,Daddy Dylan is out on the town tonight and he's gonna give it to you Deep,Deep House,
PID-d6fcc197-e573-444a-9a74-87906cc365aa,A-bot,Ripple Effect,2026-06-06 1:00,2026-06-06 2:00,Head bang bass face ass throw,"dubstep,trap,bass",
PID-e169c5b0-bc78-42e1-856e-1381147486d7,Guru,Thirsty Bar,2026-06-06 1:00,2026-06-06 2:00,,,
PID-8ae67e3a-a19b-44d6-8ad4-52ebf706168b,Boomtown,CLuG deep n' Salty,2026-06-06 1:00,2026-06-06 2:00,,,
PID-a68f9a18-5e7a-429f-8f58-cd6b0e74671b,R|V^H,Ironic Spin,2026-06-06 1:00,2026-06-06 2:00,,deep techno,
PID-1f7554f6-0f1f-4b23-ae5e-e7ee72476f2f,Löblová,SKYBAR,2026-06-06 1:30,2026-06-06 2:30,,"ukg,breaks",
PID-6df1f9d2-3d90-4d20-b8d9-5106f1069984,Michael McCaffery,Electric Circus Lounge,2026-06-06 2:00,2026-06-06 3:30,"Emerging from the depths of moistness, this legendary ancient Jellyfish DJ is here to bring house and deep tech.","House,Deep Tech",
PID-0662a5a9-338d-41fa-b692-60a5c1f07162,Aspa Syava,Chaitrance,2026-06-06 2:00,2026-06-06 3:30,,darkpsy,
PID-5bce228f-8ad6-454e-959e-aef34d8b19ec,Nautika,CLuG deep n' Salty,2026-06-06 2:00,2026-06-06 3:00,,,
PID-bf3d6ad5-067e-423f-91f5-0bd6fc483b76,Transient,Ironic Spin,2026-06-06 2:00,2026-06-06 3:00,,vibey late night house,
PID-bd89973d-4231-41c0-8ea8-8eedf5136af9,Arctic Fox - Tove ending with soundbath,Under The Mother Tree,2026-06-06 2:15,2026-06-06 3:30,,,
PID-44b31158-7c4b-4a1d-871e-690e765dd30e,High Pivot,SKYBAR,2026-06-06 2:30,2026-06-06 3:30,,"breaks,techno",
PID-b46f8158-44b9-45c4-ac50-2bb30ddc2729,KHAN,SKYBAR,2026-06-06 3:30,2026-06-06 5:00,,deep house,
PID-d7a2fb1e-8712-492f-b94c-2baaddba55a2,Qi Gong With Ben David Wittock,Boobs & Berries,2026-06-06 10:30,2026-06-06 11:45,,,
PID-3e26a5b5-bf96-447f-a295-df7ec0486b67,Francine Thai Massage Stretch,Ironic Spin,2026-06-06 10:30,2026-06-06 12:00,,,
PID-54a031aa-7751-4dd0-8f29-82c3820c2131,Spruce Lee (Ecstatic Dance),Under The Mother Tree,2026-06-06 11:00,2026-06-06 12:30,,,
PID-79751d57-ba9d-4c23-8c91-17be94ebd330,Gentle Yoga For Tired Bodies,Boobs & Berries,2026-06-06 11:45,2026-06-06 13:00,,,
PID-d16f0e74-b06f-4fd0-8b1f-c0e1c0d952b7,Jetane,Electric Circus Lounge,2026-06-06 12:00,2026-06-06 14:00,"Beautiful Balearic downtempo, warm sunrise grooves and emotional coastal rhythms.",Balearic,https://soundcloud.com/jetane
PID-a8ce232c-ee41-42ac-b913-550b1fc1cf6a,5D Yoga – Rachelle & Gano,Jellyfish Lounge,2026-06-06 12:00,2026-06-06 13:00,,,
PID-3327390b-8ddc-4fe3-a40b-89aadb49f9c4,Reggae Wake & Bake,Thirsty Bar,2026-06-06 12:00,2026-06-06 13:00,,,
PID-4247312b-c0b9-47d5-a84b-d4b724452523,Dmana,Chaitrance,2026-06-06 12:00,2026-06-06 13:30,,psytech,
PID-8b377533-c40f-4ca4-ad62-75d3792fd9f4,Jane Dawnda / Brooks,Ironic Spin,2026-06-06 12:00,2026-06-06 13:00,,disco house,
PID-ee037a95-b2ae-48d3-8ec6-c295c913a615,Khan,Jellyfish Lounge,2026-06-06 13:00,2026-06-06 14:00,,house,
PID-449b9096-1aa4-4748-b438-72bca3d0e2c5,Matty Reed,Boobs & Berries,2026-06-06 13:00,2026-06-06 14:00,,,
PID-10481e46-3795-4234-a740-e8e21d9f7b3c,Beats n Teats,Thirsty Bar,2026-06-06 13:00,2026-06-06 14:00,,,
PID-738328ba-73be-40ce-8b88-be274e164096,Akela,Ironic Spin,2026-06-06 13:00,2026-06-06 14:00,,80s dnb remixes,
PID-c63cdb26-862b-4412-9791-e838fa38833c,Wookie,Chaitrance,2026-06-06 13:30,2026-06-06 15:00,,dark prog,
PID-b6ecabb5-402c-46ea-91e7-388b8230384b,Open Mic 3:33min,Electric Circus Lounge,2026-06-06 14:00,2026-06-06 15:00,"Open Mic style. Bring your 3:33-minutes of dance, song, comedy, puppetry, strange ritual, or whatever else you have.",Performance Hour,
PID-c40ef46c-21e8-46fe-ad84-10a2ec8d3beb,Late Night Guest,Jellyfish Lounge,2026-06-06 14:00,2026-06-06 15:00,,house,
PID-59f32564-7923-4b50-823b-6a9984089b16,Gambler,Boobs & Berries,2026-06-06 14:00,2026-06-06 15:00,,,
PID-8910ffd3-3ba3-4dc1-9886-e485c239eb6b,Skullyboy/Skatie,Thirsty Bar,2026-06-06 14:00,2026-06-06 15:00,,,
PID-9f85ec08-782b-4473-ae4c-31700795f746,NITRO MATE LOUNGE + Samu & ???,CLuG deep n' Salty,2026-06-06 14:00,2026-06-06 16:00,,,
PID-183a38ab-84e9-4491-97f0-18504ad11c39,Andfriends,Ironic Spin,2026-06-06 14:00,2026-06-06 15:00,,"disco,italo house",
PID-c80e2543-7c8a-4bf8-88bf-74fdc5c94783,Electric Circus DJ Power Hour,Electric Circus Lounge,2026-06-06 15:00,2026-06-06 17:00,Anything goes with the stable of Electric Circus DJs jockeying on the 1's and 2's - make a request and see what happens!,DJ Power Hour,
PID-db113c5d-d194-4f57-8ad3-0ed98652340f,Thirrrsty Takeover,Jellyfish Lounge,2026-06-06 15:00,2026-06-06 17:00,,"house,tech",
PID-27987cd0-6478-4d8e-a2b9-72bde03efc43,LooksGood,Ripple Effect,2026-06-06 15:00,2026-06-06 16:00,Come to ripple for some fishy tunes and maybe some snails,"funk,disco,house",
PID-6a0c0cb9-6c1f-4072-94be-86974432d24a,Revi,Boobs & Berries,2026-06-06 15:00,2026-06-06 16:00,,,
PID-cff16a74-769d-4ec1-9fa7-77ccc54305f1,OhmBass,Thirsty Bar,2026-06-06 15:00,2026-06-06 16:00,,,
PID-93be8336-66fc-4007-8b24-7a5619659e85,Zu,Chaitrance,2026-06-06 15:00,2026-06-06 16:30,,psyfunk,
PID-fd88c750-3ece-480e-942c-07bdf90313b2,ukg jam - Entelechy & Caçadora,Ironic Spin,2026-06-06 15:00,2026-06-06 16:00,,ukg daytime,
PID-0b6d9ebc-cd83-4faa-bc07-5d411e741171,AAron b2b Just Jared,Ripple Effect,2026-06-06 16:00,2026-06-06 17:00,"An Orcar & Ripple Effect collab! The pod brings the car, we bring the bass.","house,garage",
PID-36cdf4e4-9191-4c92-a204-537b96fc041b,Tassels,Boobs & Berries,2026-06-06 16:00,2026-06-06 17:00,,,
PID-33306611-2a33-47bf-9918-58a537dadd68,Random Citizen/Norasea,Thirsty Bar,2026-06-06 16:00,2026-06-06 17:00,,,
PID-939892de-203f-4056-9f02-0b9ecff03448,Booty Crocker’s Cake Sit,CLuG deep n' Salty,2026-06-06 16:00,2026-06-06 19:00,,,
PID-416996a5-beca-4c3c-b87e-b8c8ad5896f7,ukg jam - Rhythmicon & Space Tiger,Ironic Spin,2026-06-06 16:00,2026-06-06 17:00,,ukg daytime,
PID-6fa5d4c6-5121-402b-8f7b-0886143bab0d,Johnny,Chaitrance,2026-06-06 16:30,2026-06-06 18:00,,progressive,
PID-7f9eea23-4ca1-445b-9170-333efc4c4ad8,Asha Marie (World Tree Alchemy Dance),Under The Mother Tree,2026-06-06 16:30,2026-06-06 18:30,,,
PID-4bdc8b0b-a813-456e-a583-3ca261af33eb,Matty Reed,Electric Circus Lounge,2026-06-06 17:00,2026-06-06 18:00,Host of B-Side Radio's Funkin' Brunch People is bringing Funky House to the Electric Circus Lounge!,Funky House,https://soundcloud.com/mattytude
PID-20945248-247d-4fd9-8b9b-3b981f916542,AndFriends,Jellyfish Lounge,2026-06-06 17:00,2026-06-06 18:00,,house,
PID-df454a16-4f40-45ca-a62b-68181280ebcb,PrayTell,Ripple Effect,2026-06-06 17:00,2026-06-06 18:00,Wind your way through worldly wavelengths,"organic,fusion edm",
PID-f9441780-91d3-438a-81d0-a4ff3e36a755,Boat Daddy,Boobs & Berries,2026-06-06 17:00,2026-06-06 18:00,,,
PID-870e311e-60d6-4163-9b0b-3d88bdce3309,Spyne,Thirsty Bar,2026-06-06 17:00,2026-06-06 18:00,,,
PID-3a916f87-946f-4a69-a377-f3bb5563969c,ukg jam - S.O.S,Ironic Spin,2026-06-06 17:00,2026-06-06 18:00,,ukg daytime,
PID-1ad8866b-4d37-4a2f-9d17-65745078ee6a,Curated Live Jam Session,Electric Circus Lounge,2026-06-06 18:00,2026-06-06 19:00,,Curated Live Jam Session,https://gatormusic.bandcamp.com/
PID-ba939800-5b12-402a-9d03-4bddf7387b27,Vic Drip Takeover,Jellyfish Lounge,2026-06-06 18:00,2026-06-06 20:00,,house,
PID-fe531256-4d5c-4294-96ae-0aaab51590ea,Queer FamJam babe2babe,Ripple Effect,2026-06-06 18:00,2026-06-06 19:00,"A feel-good collaboration in celebration of chosen family, dance music, and queerness!","house,disco,synthpop,love",
PID-4a818f5b-0956-42d7-b3f2-d3c1cbcc7966,Guru,Boobs & Berries,2026-06-06 18:00,2026-06-06 19:00,,,
PID-d533a0c0-8e05-4731-813f-d8fb8efcd756,Akela,Thirsty Bar,2026-06-06 18:00,2026-06-06 19:00,,,
PID-d45aed35-9357-4894-a312-0ff4a0f547e8,Space Mantra,Chaitrance,2026-06-06 18:00,2026-06-06 19:30,,psytrance,
PID-5441e816-c308-4aa6-85d2-dbb6b015ac75,ukg -> wubz Sprdk,Ironic Spin,2026-06-06 18:00,2026-06-06 19:00,,ukg to wubz,
PID-84e7cef2-5f10-496b-a6b1-126e121fe117,Dream Fish / Tali,Under The Mother Tree,2026-06-06 18:30,2026-06-06 21:00,,,
PID-acd60cd3-6487-4f4b-be1b-8adec122e67c,SKEZ,SKYBAR,2026-06-06 19:00,2026-06-06 20:30,,"throwback vibes,bass heavy grooves,tribal rhythms",
PID-a77fff06-63f2-4541-87d1-8bcd95338fc4,Nix,Electric Circus Lounge,2026-06-06 19:00,2026-06-06 19:30,Whatever that means....,Heavy Curated Funk,https://soundcloud.com/nix_dj
PID-78ef1ca9-f2ca-414b-8c57-0aff4297389c,Feminem,Ripple Effect,2026-06-06 19:00,2026-06-06 19:15,The bastard child of Joan Rivers and Weird AL Yankovic who uses humor as activism to make haters feel as ridiculous as they sound,"rap,comedy",
PID-18fa9a60-9f38-47fe-85a1-63882d8e1184,Chacha,Boobs & Berries,2026-06-06 19:00,2026-06-06 20:00,,,
PID-37940193-7f2e-4d12-aaa1-5047e6c20743,DJ All Good,Thirsty Bar,2026-06-06 19:00,2026-06-06 20:00,,,
PID-91a9d0c6-9a36-4bd6-ac54-cfa8b01f7b8d,Arcomere (Live set),CLuG deep n' Salty,2026-06-06 19:00,2026-06-06 21:00,,live,
PID-b756989d-df17-46f9-86fd-f826f160efd3,wubz takeover / NYKTRN,Ironic Spin,2026-06-06 19:00,2026-06-06 20:00,,wubz,
PID-83490597-bb31-43bf-aba2-c16839c5f4d0,Queer Happy Hour,Ripple Effect,2026-06-06 19:15,2026-06-06 20:00,Meet other sweet queers in a chill space over snacks and mimosas!,,
PID-28307cc5-1d14-4707-b8db-2ced5d45ce70,Moonbean,Electric Circus Lounge,2026-06-06 19:30,2026-06-06 20:30,Rock stars from both the past and future — Moonbean are a live hardware duo bringing psychedelic synth-punk electronica.,Psychedelic Synth-Punk Electronica,https://www.moonbeanmusic.ca/
PID-6c6004dc-e993-4298-aae9-3c4a2b5c3619,Sunkid,Chaitrance,2026-06-06 19:30,2026-06-06 21:00,,full-on,
PID-1f2b62a3-1968-4a4e-83ec-8afc5531bba7,R|V^H,Jellyfish Lounge,2026-06-06 20:00,2026-06-06 21:00,,"house,minimal deep,tech",
PID-7b31e5a0-603d-4c3a-afe5-ed4b05a930b7,wubz takeover / Khan,Ironic Spin,2026-06-06 20:00,2026-06-06 21:00,,wubz,
PID-b4af92ec-2827-4aca-97f8-9cfb460a49e3,DJ #1 Dad,SKYBAR,2026-06-06 20:30,2026-06-06 21:30,,"boppy bouncy vocal house,a little mashups",
PID-335768d0-9e34-478d-81ff-9c59dbc686cd,NaN00$3,SKYBAR,2026-06-06 21:30,2026-06-06 23:00,,"playatech tunes,video set",
PID-d9c7687d-e7fe-4e98-858f-fa7a212dac03,Gano & Matterson,Jellyfish Lounge,2026-06-06 22:30,2026-06-07 0:00,,"house,tech,minimal deep",
PID-e4649b7f-77c1-4f73-9f2c-6dc4620afe68,Psyborgs,Chaitrance,2026-06-06 22:30,2026-06-06 23:40,,"live,debut set!",
PID-0070230e-6c07-49c0-b4e7-7a8cd9f5af08,"skyboiz: mkybrzy, skydaddy, don't bleed on my vortex",SKYBAR,2026-06-06 23:00,2026-06-07 2:15,,fun,
PID-1788a5f8-12f8-49d9-a766-5886265b9968,Marc Gerrard,Electric Circus Lounge,2026-06-06 23:00,2026-06-07 0:30,"Marc Gerrard is the guy sneaking warm, wobbly dance music into your bloodstream one track at a time. Originally from England and now based on Vancouver Island, he’s spent years building dancefloors, late-night parties, and immersive music spaces through Abstract Audio, DE Radio, and curating the electronic music stage at the Woodstove Festival. His sets lean deep, playful, and patiently hypnotic — the kind that start with head nods and somehow end with strangers becoming best friends at 4am. Come for the groove, stay for the accidental spiritual experience.",Deep House/Techno,https://soundcloud.com/marcgerrard
PID-f0e40d99-5172-41aa-9a01-67dc208f4a7f,Sarah Hannah,Thirsty Bar,2026-06-06 23:00,2026-06-07 0:00,,,
PID-64b05be0-176d-48d4-a099-68903d146585,Arcomere (Live set),CLuG deep n' Salty,2026-06-06 23:00,2026-06-07 0:00,,,
PID-b7c2878c-0a84-4f7c-bda2-946211ec9384,Aaron/ DJ DRIEM,Under The Mother Tree,2026-06-06 23:00,2026-06-07 0:45,,,
PID-8dd33efe-691a-4e10-a730-147c60bc1db1,Sassbot,Ironic Spin,2026-06-06 23:30,2026-06-07 1:00,,"funky house,breaks",
PID-0afa8369-ede3-4c8c-9f06-780ff8963332,Johnny,Chaitrance,2026-06-06 23:40,2026-06-07 1:30,,nightpsy,
PID-b2e40bfc-7b3f-48a6-bc54-56fc2fdaa418,Logik,Thirsty Bar,2026-06-07 0:00,2026-06-07 1:00,,,
PID-d50124a3-3b78-4079-8c92-7b113ac05bb1,D'Jule & B-Madi,CLuG deep n' Salty,2026-06-07 0:00,2026-06-07 2:00,,,
PID-66e7143d-d85a-4003-95dd-ede9c772c8f5,Jetane,Electric Circus Lounge,2026-06-07 0:30,2026-06-07 2:00,"Electric Circus Lounge's Vision Director & Chief Builder - Both DJ & VJ for Electric Circus, join Jetane as he carrys us through the night with a cosmic soundtrack to dance underside the tent with curated visuals.",Techno,https://soundcloud.com/jetane
PID-aa1b7c69-7ecd-40b8-8c62-85b54156d7cd,Spruce Lee - Andrew Lee,Under The Mother Tree,2026-06-07 0:45,2026-06-07 2:15,,,
PID-afdc133c-3794-4bb0-a5df-03c9d66772cb,DylPrickle,Thirsty Bar,2026-06-07 1:00,2026-06-07 2:00,,,
PID-27250a04-b9bc-49a5-b303-7dcf22a02026,Sleepy,Ironic Spin,2026-06-07 1:00,2026-06-07 2:00,,techno,
PID-cf3e9886-f418-45b3-a43c-c3d78c8e4704,Mossy Roots,Chaitrance,2026-06-07 1:30,2026-06-07 3:30,,forest,
PID-2483faee-2d6b-46ec-9c05-f78f34540c0b,ellisdeejay,Electric Circus Lounge,2026-06-07 2:00,2026-06-07 3:00,Sink into the small hours as psychedelic visuals bloom overhead and the music settles into the comedown.,Psychedelic,https://soundcloud.com/ellisdeejay
PID-82470663-db90-4915-94c3-8bd24091bffa,Beatrix the White,CLuG deep n' Salty,2026-06-07 2:00,2026-06-07 3:00,,,
PID-fee281c5-0472-40af-83c0-09f7f87ad576,Balencia - late night trance,Ironic Spin,2026-06-07 2:00,2026-06-07 3:00,,prog trance,
PID-2495fb10-e82e-4ef6-9e09-9e9f18a56c9d,Talking Trees,SKYBAR,2026-06-07 2:15,2026-06-07 3:30,,"techy,bassy,filthy",
PID-b1302731-1254-4169-8e4d-c804168e396a,Willow & Safiya ending with soundbath,Under The Mother Tree,2026-06-07 2:15,2026-06-07 3:30,,,
PID-90e696f2-1030-4b3a-a97a-102ce4c125a6,Nudlz,CLuG deep n' Salty,2026-06-07 3:00,2026-06-07 4:00,,,
PID-8aa8df19-74fe-40bb-943f-107967c39542,R | V ^ H,SKYBAR,2026-06-07 3:30,2026-06-07 5:00,,deep hypnotic techno bangers,
PID-01bdfbda-d60b-47fb-91b2-b792d25ecbc0,Simon Love,Chaitrance,2026-06-07 3:30,2026-06-07 5:00,,psybreaks 150+,
PID-3fce4650-cec4-4ab6-97cd-25f3733c77d1,Mossy Tree & Amber Wolf Moon (Ecstatic Dance),Under The Mother Tree,2026-06-07 11:00,2026-06-07 12:30,,,
PID-46a1c3b8-30ff-41cf-a3c6-e3b2edb51a54,"Stretch, Sway and Slay with Jenni",Boobs & Berries,2026-06-07 11:45,2026-06-07 13:00,,,
PID-fb0b761e-5127-44a5-9fa8-7e9b8f598524,AndFriends: Low Tide Recovery Club,Electric Circus Lounge,2026-06-07 12:00,2026-06-07 15:00,"Join Andfriends drifting through yacht-rock-esque Balearic disco, synthy piano chords, coastal slow-burn grooves, sunrise soul and slow-motion Sunday recovery energy.",Balearic,https://soundcloud.com/andfriendsmusicevents
PID-2602d617-d969-4858-83f6-b4ef0060af87,Jerk Church,Jellyfish Lounge,2026-06-07 12:00,2026-06-07 13:00,,musical spoken word shenangians,
PID-396138e2-d833-40a8-9466-214cb973cae7,TrilKSTR,Chaitrance,2026-06-07 12:00,2026-06-07 13:30,,psytech,
PID-9c56b536-d203-4fb6-bc74-2dde001a02f1,Ambient Waffles with Echo Pilot,Ironic Spin,2026-06-07 12:00,2026-06-07 13:00,,ambient,
PID-ad48f5ea-7d12-4a08-8cb9-a702a0b3a1eb,Poppa Champagne,Jellyfish Lounge,2026-06-07 13:00,2026-06-07 14:00,,house,
PID-5324d567-95a8-45c3-ab36-f9a41ffa7fcf,Nathan Randall,Boobs & Berries,2026-06-07 13:00,2026-06-07 14:00,,,
PID-8713a533-da79-467e-88be-57d3fd7ead97,Luxuryus,Thirsty Bar,2026-06-07 13:00,2026-06-07 14:00,,,
PID-02f4f1e7-6d86-43e0-833b-61efe63e173d,Reggae w Space Tiger,Ironic Spin,2026-06-07 13:00,2026-06-07 14:00,,reggae,
PID-e57b01f9-ee9c-49dc-8232-9aa9a6ae6e62,Mossy Roots,Chaitrance,2026-06-07 13:30,2026-06-07 15:00,,dark prog,
PID-6a9d5c8b-b519-45ad-8e8a-c1e3dab88cc8,Lucy Ford,Jellyfish Lounge,2026-06-07 14:00,2026-06-07 15:00,,"house,ukg",
PID-1a7a0784-1b22-419a-8543-940870cee79c,Red Dragon,Boobs & Berries,2026-06-07 14:00,2026-06-07 15:00,,,
PID-a96c758b-cc53-4182-9650-bf132efc5e8e,Nix,Thirsty Bar,2026-06-07 14:00,2026-06-07 15:00,,,
PID-f840d735-1078-4c6c-b667-035214862dc6,Chunky Chornz & Mykey Boom,CLuG deep n' Salty,2026-06-07 14:00,2026-06-07 15:45,,,
PID-c88bcaed-ad70-4f00-a588-1a64a8f2988e,Reggae/Dancehall w Space Tiger,Ironic Spin,2026-06-07 14:00,2026-06-07 15:00,,"ska,reggae,dancehall",
PID-630ad0e5-301b-4c1d-a8db-7d3f74ec9592,How to Trainwreck a DJ Set,Electric Circus Lounge,2026-06-07 15:00,2026-06-07 16:00,"A guide to being a sh*t DJ: a guided exploration of terrible transitions, performer faux pas, and improper use of air horns.",Workshop,https://www.youtube.com/watch?v=dQw4w9WgXcQ
PID-7c16180b-90ef-4da3-8431-ada100efdb13,Chris Bigelow,Jellyfish Lounge,2026-06-07 15:00,2026-06-07 16:00,,house,
PID-9520c4b2-12da-4187-b28f-f4c31f948775,Milf Maid,Boobs & Berries,2026-06-07 15:00,2026-06-07 16:00,,,
PID-5b256277-7dd3-4278-aae7-4ec2c5400e9c,Cheesler,Thirsty Bar,2026-06-07 15:00,2026-06-07 16:00,,,
PID-592c609c-dfc6-4d88-90e7-c735759a54ce,Khan,Chaitrance,2026-06-07 15:00,2026-06-07 16:00,,progressive,
PID-672b7987-94d4-4cd9-8bfd-6f5c80d36554,Jo-Jo Dancer,Ironic Spin,2026-06-07 15:00,2026-06-07 16:00,,"ska,reggae,dancehall",
PID-306b285c-de85-4ad6-8bb1-5aec215869ce,Sleepy & Jojo Dancer,CLuG deep n' Salty,2026-06-07 15:45,2026-06-07 17:15,,,
PID-e8f4ebc4-a8a5-4420-a9f5-20cd9b6d2a72,Flying Fuck,Electric Circus Lounge,2026-06-07 16:00,2026-06-07 17:00,,BalkanBeats,
PID-661a3df7-114e-46d2-a4cd-d10e5951b482,Loblova,Jellyfish Lounge,2026-06-07 16:00,2026-06-07 17:00,,house,
PID-2b2abda7-e6b3-4bef-b7da-80fc25dc1df7,Rowly,Ripple Effect,2026-06-07 16:00,2026-06-07 17:00,,house,
PID-ec29d986-d3e4-42d5-8c2a-0613d44f5102,Mozya,Boobs & Berries,2026-06-07 16:00,2026-06-07 17:00,,,
PID-f4754662-6c25-42d5-a5a0-019269f4391a,Matty Reed,Thirsty Bar,2026-06-07 16:00,2026-06-07 17:00,,,
PID-5ce97811-2b6b-45a4-a124-27c17b989cf1,Similitude,Chaitrance,2026-06-07 16:00,2026-06-07 17:00,,progressive,
PID-2f0cbc4a-93a2-4ba3-a3c1-173af3147b93,Lucy Ford,Ironic Spin,2026-06-07 16:00,2026-06-07 17:00,,"breaks,ukg",
PID-3ca1b395-f16e-42e1-bb0f-304f3a6a1f5c,Big Data,Jellyfish Lounge,2026-06-07 17:00,2026-06-07 18:00,,house,
PID-9923b484-a26f-4ea3-a96e-3e428fed248d,Fretwell,Ripple Effect,2026-06-07 17:00,2026-06-07 18:00,"Warm, spacious and worldly, mid-tempo house and funky grooves",,
PID-cfa0b72b-0be6-47c8-93d8-aa882cd97bc1,Vital Signs,Boobs & Berries,2026-06-07 17:00,2026-06-07 18:00,,,
PID-44c5e145-90ee-4c74-a442-8ee70bb4f845,Big Top,Thirsty Bar,2026-06-07 17:00,2026-06-07 18:00,,,
PID-60659940-ca9a-46ad-abd5-538ebafb97df,Amethystra,Chaitrance,2026-06-07 17:00,2026-06-07 18:30,,deep trance,
PID-989ce0d4-5dec-4262-a10c-3e3df7014f66,Barnes & Barnes,Ironic Spin,2026-06-07 17:00,2026-06-07 18:00,,house,
PID-4b18b0a1-cb0e-41bd-9bf0-c9be2d09044a,B-Madi & D’jule,CLuG deep n' Salty,2026-06-07 17:15,2026-06-07 18:30,,,
PID-24488776-2ae2-46b7-a787-8b4848d9bdcf,Gator,Electric Circus Lounge,2026-06-07 17:30,2026-06-07 19:00,A real life band of humans playing musical instruments live!,Psychedelic Dub-Funk Trip-Hop,https://gatormusic.bandcamp.com/
PID-37c1e682-17ce-46e0-a1c9-c12e98e636a5,Skez,Jellyfish Lounge,2026-06-07 18:00,2026-06-07 19:00,,"house,minimal deep,tech",
PID-bd0ad12e-a381-4f7b-a594-121f3684137b,Silly Goose,Ripple Effect,2026-06-07 18:00,2026-06-07 19:00,Feel the current pull your hips. Spicy Tech Latin House from the heart of Ripple Effect.,"latin house,tech house,funk",
PID-3e8ffb77-8604-49c3-a72b-b10c8d317902,TheFunkySlab,Thirsty Bar,2026-06-07 18:00,2026-06-07 19:00,,,
PID-aaf5d21c-c88f-42fd-8338-0b1da371660a,Mossy Tree - Felix (ambient or downtempo mix),Under The Mother Tree,2026-06-07 18:00,2026-06-07 20:30,,,
PID-f0bb2f65-7e4f-466c-9599-c91a6f3e03da,Sarah-Hannah,Ironic Spin,2026-06-07 18:00,2026-06-07 19:00,,house,
PID-a471d39c-d0a2-462e-b51d-f364744ce567,NYX,Chaitrance,2026-06-07 18:30,2026-06-07 20:00,,psytrance,
PID-65e20695-4b22-4aed-b149-b8c854617523,Curated Live Jam Session,Electric Circus Lounge,2026-06-07 19:00,2026-06-07 20:30,,Curated Live Jam Session,https://gatormusic.bandcamp.com/
PID-a82518a4-21e8-4b81-a9c2-338d153417ed,Rory Hayz,Ripple Effect,2026-06-07 19:00,2026-06-07 20:00,Upbeat bouncy basslines for energy on the last night,"nukg,house,bass",
PID-1386e27a-dfcc-432f-b885-9d1b03da8d89,Bpm Babe,Thirsty Bar,2026-06-07 19:00,2026-06-07 20:00,,,
PID-7bae54ee-bd7f-4109-a203-987b83c95c6b,Push-Play,Ironic Spin,2026-06-07 19:00,2026-06-07 20:00,,deep world beats,
PID-7580aef7-88fd-4398-9808-a3c301954cad,Skye Phoenix,SKYBAR,2026-06-07 19:30,2026-06-07 20:30,,world beat,
PID-889607e6-94c4-42c5-ab2f-9e04771e6914,Brahma Shanti,Chaitrance,2026-06-07 20:00,2026-06-07 22:00,,"psychill,downtempo",
PID-58eaba13-a3e3-4d1c-948f-b72535aa217b,Loblova,Ironic Spin,2026-06-07 20:00,2026-06-07 21:00,,deep prog house,
PID-17e7647e-97bd-47b7-acb4-8d10d409eb9d,Selayne,SKYBAR,2026-06-07 20:30,2026-06-07 22:00,,"sunset,disco house",
PID-91dd8fba-c314-4898-8150-abe08ec09b9d,"BLOOP-lanet featuring Flounciful, Raine, and Space Cadet",Ripple Effect,2026-06-07 22:30,2026-06-08 2:00,"Dive beneath the waves in our cosy cuddle puddle, journeying through stunning underwater ecosystems with projected nature documentaries scored by our moist DJs!","downtempo,bass,experimental",
PID-9ef0ec23-d69d-4b13-999b-a1f7cb60f029,Audacity,SKYBAR,2026-06-07 23:00,2026-06-07 23:59,,dirty sexy bass,
PID-38decbd1-8b09-4e23-ba03-1c4b4f8b5501,Jellyfish Jam,Jellyfish Lounge,2026-06-07 23:00,2026-06-08 0:00,,house,
PID-2589b33e-714d-4376-a949-efd0769cefc8,DJ Leanne,Thirsty Bar,2026-06-07 23:00,2026-06-08 0:00,,,
PID-f90f4b97-f77a-4a30-81db-c58918b222de,Archaic Records,Chaitrance,2026-06-07 23:00,2026-06-08 0:30,,"live,experimental",
PID-d8831cbb-6818-45b0-ad4c-1f6ab2523c1d,DJ Sage's & Friends Dirty Rave House Night,CLuG deep n' Salty,2026-06-07 23:00,2026-06-08 4:00,,,
PID-379beeff-2632-40f8-8289-2cf5532de2a2,Prima Materia (Marty Mellway),Under The Mother Tree,2026-06-07 23:00,2026-06-08 0:45,,,
PID-683c7128-64ae-4574-8566-ed2d7eb8fc80,Dave Dirk,Ironic Spin,2026-06-07 23:00,2026-06-08 1:00,,cvs bangers,
PID-30f2bce3-c688-4306-a19b-908716ca1135,Earthninja,Electric Circus Lounge,2026-06-07 23:30,2026-06-08 0:30,"An Ancient DJ of lore, decade+ long veteran radio host of Bigger than Bass on CHLY 101.7FM, comes out from the depths to share some deep DnB & Jungle for a Moody start to your Sunday night.",drum & bass,
PID-b5e33f78-e5a5-49e0-a7f6-e5d2fb19a3ab,Big Top,SKYBAR,2026-06-08 0:00,2026-06-08 2:00,,late night groooooves,
PID-b3646332-3b6f-4eb6-86c0-b00a245f373c,Trust,Thirsty Bar,2026-06-08 0:00,2026-06-08 1:00,,,
PID-d4af9fa6-e708-4e80-938a-a52aab7dd903,Onlychild,Electric Circus Lounge,2026-06-08 0:30,2026-06-08 2:00,"OnlyChild moves through silky garage rhythms, urban soul and sleek midnight club energy.",Garage,
PID-d6575c09-8bb3-4cd7-90b2-e0767d692a08,KachaMacha,Chaitrance,2026-06-08 0:30,2026-06-08 2:00,,hitech,
PID-12301150-ef90-4dce-8921-e09b098f1a90,Miss Mar (Marna),Under The Mother Tree,2026-06-08 0:45,2026-06-08 2:30,,,
PID-1153ad77-fa8c-4fed-b82a-f5adc43161bd,Sleepy,Thirsty Bar,2026-06-08 1:00,2026-06-08 2:00,,,
PID-53a78555-385b-426f-a148-9d4669ec2e5d,Galaxy Spaceout w/ Space Tiger,Ironic Spin,2026-06-08 1:00,2026-06-08 2:00,,dub,
PID-0d31bd50-29ae-4b84-b73a-557e872ea235,R|V^H Closing Set @ Electric Circus,Electric Circus Lounge,2026-06-08 2:00,2026-06-08 3:00,Expect deep and delicious Dub Techno and associated soundscapes as R|V^H provides a closing set to our weekend experience.,Dub Techno,
PID-5e0a840f-2723-4e92-a82c-5a5fc0cfd79c,Soundbath with Ember Jade,Under The Mother Tree,2026-06-08 2:30,2026-06-08 3:00,,,